title,domain,url,snippet,keyword,date
Everything You Need To Know About Injection Molding,www.creativemechanisms.com,https://www.creativemechanisms.com/blog/everything-you-need-to-know-about-injection-molding,"Dec 21, 2015 - Injection Molding is a mass-manufacturing process for creating parts in ... is important to prevent inconsistencies in the cooling process resulting in ... the longer the cycle time will be and the higher your cost per part will be.",avoid cooling time and production costs for injection molding,2020-04-23 18:07:57.801017
Three Tips for Controlling Tooling Costs in Injection Molding ...,www.empireprecision.com,https://www.empireprecision.com/three-tips-for-controlling-tooling-costs-in-injection-molding/,"May 4, 2017 - Tooling is an essential part of any injection molding program, but it is also part of ... Quality requirements; Cycle time; Gate location; Mold cooling ... is one of the best ways to lower the overall cost of production. ... This information helps us increase the longevity of the tool and avoid residual costs, such asÂ ...",avoid cooling time and production costs for injection molding,2020-04-23 18:07:57.801017
Injection Molding Cooling Times | Molding Cycle Time - RevPart,revpart.com,https://revpart.com/understanding-injection-molding-cooling-time/,"Mar 20, 2018 - Injection molding cycle time or Cooling time is one of the major factors ... to produce with less machine time, and the lower your overall costs. ... cavity is completely filled, and â€œholdsâ€� the material there to prevent any backflow.",avoid cooling time and production costs for injection molding,2020-04-23 18:07:57.816642
6 Factors That Can Lower the Cost of Your Injection Mold,revpart.com,https://revpart.com/factors-influencing-cost-of-injection-mold/,"Feb 21, 2017 - The cost of a plastic injection mold can, however, often stop ... production quantity, your required cycle and order turnaround time, and aÂ ...",avoid cooling time and production costs for injection molding,2020-04-23 18:07:57.816642
Injection Molding Handbook - Page 798 - Google Books Result,books.google.com,https://books.google.com/books?id=l5jqDRauKNYC&pg=PA798&lpg=PA798&dq=avoid+cooling+time+and+production+costs+for+injection+molding&source=bl&ots=O0YVoImMw8&sig=ACfU3U111SOipcDu-xUSmnsIDRhUB3PXcg&hl=en&sa=X&ved=2ahUKEwjgsP-c9_7oAhUuCqYKHZw3B8cQ6AEwDXoECAoQAQ,The quality of the product that can be produced from an injection mold may be directly ... Several molding quality problems can be avoided if uniform cooling is designed into the mold. ... in the molded part is strongly dependent on temperature history and cooling times. ... This results in direct cost savings of several types.,avoid cooling time and production costs for injection molding,2020-04-23 18:07:57.816642
5 Factors That Impact Injection Molded Plastic Part Cycle Time,www.kaysun.com,https://www.kaysun.com/blog/injection-molded-plastic-part-cycle-time-calculation,"May 9, 2017 - Accurately determining cycle time for injection molded plastic parts is ... However, an injection molding partner with wide-ranging expertise, and depth of ... cycle time â€” like thin steel and hot spots â€” and proactively prevent them ... the confidence they need in production timelines, from part cost accuracy inÂ ...",avoid cooling time and production costs for injection molding,2020-04-23 18:07:57.832263
"how to save time, reduce costs, and improve the ... - SolidWorks",www.solidworks.com,https://www.solidworks.com/sw/docs/Plastics_MoldInjection_WhitePaper_Final.pdf,"tooling to improve quality, and shorten cycle times to reduce manufacturing costs. Whether ... SOLIDWORKS Plastics solutions will help you resolve your injection-molding ... will fill the mold, helping the company avoid manufacturability issues.",avoid cooling time and production costs for injection molding,2020-04-23 18:07:57.832263
The Need for Temperature Control in Plastic Injection Molding ...,www.process-cooling.com,https://www.process-cooling.com/articles/89826-the-need-for-temperature-control-in-plastic-injection-molding,"Oct 7, 2019 - Injection molding is a specialized manufacturing technique used for ... This helps to increase the speed of manufacturing, lower labor costs and shorten the time to ... The cooling time can take up to 60 percent of the entire cycle time. ... wall thickness (at least 1 mm) to prevent problems with filling the mold.",avoid cooling time and production costs for injection molding,2020-04-23 18:07:57.832263
Tandem Mold Technology Trims Production Costs ...,www.moldmakingtechnology.com,https://www.moldmakingtechnology.com/articles/tandem-mold-technology-trims-production-costs,"Jan 3, 2008 - Tandem Mold Technology Trims Production Costs ... a second injection molding machine for the comparable production volume. ... â€œWith longer cooling times, the cost savings over the standard technique become larger,â€� Boettger explains. ... Use Core-Shift Analysis to Avoid Expensive Defects and FailuresÂ ...",avoid cooling time and production costs for injection molding,2020-04-23 18:07:57.847914
11 Ways to Reduce Injection Molding Costs | Design Tip,www.protolabs.com,https://www.protolabs.com/resources/design-tips/11-tips-to-reduce-injection-molding-costs/,"Stretch your budget with these injection molding design recommendations. ... The main determinant of molding cost is the amount of time it takes to produce the tooling. ... These reduce tooling costs as you avoid additional pieces to the mold that ... Textured surfaces, molded part numbers, and company logos look cool, butÂ ...",avoid cooling time and production costs for injection molding,2020-04-23 18:08:14.043136
Everything You Need To Know About Injection Molding,www.creativemechanisms.com,https://www.creativemechanisms.com/blog/everything-you-need-to-know-about-injection-molding,"Dec 21, 2015 - Injection Molding is a mass-manufacturing process for creating parts in ... is important to prevent inconsistencies in the cooling process resulting in ... the longer the cycle time will be and the higher your cost per part will be.",avoid cooling time and production costs for injection molding,2020-04-23 18:08:14.058389
Three Tips for Controlling Tooling Costs in Injection Molding ...,www.empireprecision.com,https://www.empireprecision.com/three-tips-for-controlling-tooling-costs-in-injection-molding/,"May 4, 2017 - Tooling is an essential part of any injection molding program, but it is also part of ... Quality requirements; Cycle time; Gate location; Mold cooling ... is one of the best ways to lower the overall cost of production. ... This information helps us increase the longevity of the tool and avoid residual costs, such asÂ ...",avoid cooling time and production costs for injection molding,2020-04-23 18:08:14.058389
Injection Molding Cooling Times | Molding Cycle Time - RevPart,revpart.com,https://revpart.com/understanding-injection-molding-cooling-time/,"Mar 20, 2018 - Injection molding cycle time or Cooling time is one of the major factors ... to produce with less machine time, and the lower your overall costs. ... cavity is completely filled, and â€œholdsâ€� the material there to prevent any backflow.",avoid cooling time and production costs for injection molding,2020-04-23 18:08:14.058389
6 Factors That Can Lower the Cost of Your Injection Mold,revpart.com,https://revpart.com/factors-influencing-cost-of-injection-mold/,"Feb 21, 2017 - The cost of a plastic injection mold can, however, often stop ... production quantity, your required cycle and order turnaround time, and aÂ ...",avoid cooling time and production costs for injection molding,2020-04-23 18:08:14.074009
5 Factors That Impact Injection Molded Plastic Part Cycle Time,www.kaysun.com,https://www.kaysun.com/blog/injection-molded-plastic-part-cycle-time-calculation,"May 9, 2017 - Accurately determining cycle time for injection molded plastic parts is ... However, an injection molding partner with wide-ranging expertise, and depth of ... cycle time â€” like thin steel and hot spots â€” and proactively prevent them ... the confidence they need in production timelines, from part cost accuracy inÂ ...",avoid cooling time and production costs for injection molding,2020-04-23 18:08:14.074009
Injection Molding Handbook - Page 798 - Google Books Result,books.google.com,https://books.google.com/books?id=l5jqDRauKNYC&pg=PA798&lpg=PA798&dq=avoid+cooling+time+and+production+costs+for+injection+molding&source=bl&ots=O0YVoImMy4&sig=ACfU3U1A-OmhwFgZP7Yocyz8vVZOisS2TA&hl=en&sa=X&ved=2ahUKEwi9rfKk9_7oAhXOad4KHWnxD1gQ6AEwDnoECAoQAQ,The quality of the product that can be produced from an injection mold may be directly ... Several molding quality problems can be avoided if uniform cooling is designed into the mold. ... in the molded part is strongly dependent on temperature history and cooling times. ... This results in direct cost savings of several types.,avoid cooling time and production costs for injection molding,2020-04-23 18:08:14.074009
The Need for Temperature Control in Plastic Injection Molding ...,www.process-cooling.com,https://www.process-cooling.com/articles/89826-the-need-for-temperature-control-in-plastic-injection-molding,"Oct 7, 2019 - Injection molding is a specialized manufacturing technique used for ... This helps to increase the speed of manufacturing, lower labor costs and shorten the time to ... The cooling time can take up to 60 percent of the entire cycle time. ... wall thickness (at least 1 mm) to prevent problems with filling the mold.",avoid cooling time and production costs for injection molding,2020-04-23 18:08:14.089948
Tandem Mold Technology Trims Production Costs ...,www.moldmakingtechnology.com,https://www.moldmakingtechnology.com/articles/tandem-mold-technology-trims-production-costs,"Jan 3, 2008 - Tandem Mold Technology Trims Production Costs ... a second injection molding machine for the comparable production volume. ... â€œWith longer cooling times, the cost savings over the standard technique become larger,â€� Boettger explains. ... Use Core-Shift Analysis to Avoid Expensive Defects and FailuresÂ ...",avoid cooling time and production costs for injection molding,2020-04-23 18:08:14.089948
Formulation of Multi-Material Molding Cost Estimation,terpconnect.umd.edu,http://terpconnect.umd.edu/~skgupta/M3T/Form.html,"The dedicated production cost (or ""tooling cost"") is basically the cost of the ... The total molding time is the time the product is spent in the injection molding machine. ... Perhaps the most accurate method to estimate the mold cooling time is ... is to use snap-fit connections to avoid additional parts in the form of fasteners.",avoid cooling time and production costs for injection molding,2020-04-23 18:08:14.105258
11 Ways to Reduce Injection Molding Costs | Design Tip,www.protolabs.com,https://www.protolabs.com/resources/design-tips/11-tips-to-reduce-injection-molding-costs/,"Stretch your budget with these injection molding design recommendations. ... The main determinant of molding cost is the amount of time it takes to produce the tooling. ... These reduce tooling costs as you avoid additional pieces to the mold that ... Textured surfaces, molded part numbers, and company logos look cool, butÂ ...",avoid cooling time and production costs for injection molding,2020-04-23 18:08:28.970467
Everything You Need To Know About Injection Molding,www.creativemechanisms.com,https://www.creativemechanisms.com/blog/everything-you-need-to-know-about-injection-molding,"Dec 21, 2015 - Injection Molding is a mass-manufacturing process for creating parts in ... is important to prevent inconsistencies in the cooling process resulting in ... the longer the cycle time will be and the higher your cost per part will be.",avoid cooling time and production costs for injection molding,2020-04-23 18:08:28.970467
Three Tips for Controlling Tooling Costs in Injection Molding ...,www.empireprecision.com,https://www.empireprecision.com/three-tips-for-controlling-tooling-costs-in-injection-molding/,"May 4, 2017 - Tooling is an essential part of any injection molding program, but it is also part of ... Quality requirements; Cycle time; Gate location; Mold cooling ... is one of the best ways to lower the overall cost of production. ... This information helps us increase the longevity of the tool and avoid residual costs, such asÂ ...",avoid cooling time and production costs for injection molding,2020-04-23 18:08:28.970467
Injection Molding Cooling Times | Molding Cycle Time - RevPart,revpart.com,https://revpart.com/understanding-injection-molding-cooling-time/,"Mar 20, 2018 - Injection molding cycle time or Cooling time is one of the major factors ... to produce with less machine time, and the lower your overall costs. ... cavity is completely filled, and â€œholdsâ€� the material there to prevent any backflow.",avoid cooling time and production costs for injection molding,2020-04-23 18:08:28.986025
6 Factors That Can Lower the Cost of Your Injection Mold,revpart.com,https://revpart.com/factors-influencing-cost-of-injection-mold/,"Feb 21, 2017 - The cost of a plastic injection mold can, however, often stop ... production quantity, your required cycle and order turnaround time, and aÂ ...",avoid cooling time and production costs for injection molding,2020-04-23 18:08:28.986025
5 Factors That Impact Injection Molded Plastic Part Cycle Time,www.kaysun.com,https://www.kaysun.com/blog/injection-molded-plastic-part-cycle-time-calculation,"May 9, 2017 - Accurately determining cycle time for injection molded plastic parts is ... However, an injection molding partner with wide-ranging expertise, and depth of ... cycle time â€” like thin steel and hot spots â€” and proactively prevent them ... the confidence they need in production timelines, from part cost accuracy inÂ ...",avoid cooling time and production costs for injection molding,2020-04-23 18:08:28.986025
Injection Molding Handbook - Page 798 - Google Books Result,books.google.com,https://books.google.com/books?id=l5jqDRauKNYC&pg=PA798&lpg=PA798&dq=avoid+cooling+time+and+production+costs+for+injection+molding&source=bl&ots=O0YVoImNp9&sig=ACfU3U3DmNbEuDiPZHiPlISWlwN62sl5aA&hl=en&sa=X&ved=2ahUKEwiTn_Or9_7oAhUYAmMBHffrB-sQ6AEwDnoECAkQAQ,The quality of the product that can be produced from an injection mold may be directly ... Several molding quality problems can be avoided if uniform cooling is designed into the mold. ... in the molded part is strongly dependent on temperature history and cooling times. ... This results in direct cost savings of several types.,avoid cooling time and production costs for injection molding,2020-04-23 18:08:28.986025
The Need for Temperature Control in Plastic Injection Molding ...,www.process-cooling.com,https://www.process-cooling.com/articles/89826-the-need-for-temperature-control-in-plastic-injection-molding,"Oct 7, 2019 - Injection molding is a specialized manufacturing technique used for ... This helps to increase the speed of manufacturing, lower labor costs and shorten the time to ... The cooling time can take up to 60 percent of the entire cycle time. ... wall thickness (at least 1 mm) to prevent problems with filling the mold.",avoid cooling time and production costs for injection molding,2020-04-23 18:08:29.001648
Tandem Mold Technology Trims Production Costs ...,www.moldmakingtechnology.com,https://www.moldmakingtechnology.com/articles/tandem-mold-technology-trims-production-costs,"Jan 3, 2008 - Tandem Mold Technology Trims Production Costs ... a second injection molding machine for the comparable production volume. ... â€œWith longer cooling times, the cost savings over the standard technique become larger,â€� Boettger explains. ... Use Core-Shift Analysis to Avoid Expensive Defects and FailuresÂ ...",avoid cooling time and production costs for injection molding,2020-04-23 18:08:29.001648
"Injection Moulding 2002: Barcelona, Spain, 18th-19th March, 2002",books.google.com,https://books.google.com/books?id=JJ4nr9cwXD4C&pg=PA80&lpg=PA80&dq=avoid+cooling+time+and+production+costs+for+injection+molding&source=bl&ots=ZS2Q5q7Bii&sig=ACfU3U0fJ9nO3MIIv6l-R0qmOP1GIHAUzg&hl=en&sa=X&ved=2ahUKEwiTn_Or9_7oAhUYAmMBHffrB-sQ6AEwEXoECAoQAQ,"Gas-assisted injection molding, on the other hand, is a dry process in the event of tool ... molding lies in the field of material- and cooling- time-saving production of ... where the GIT or the WIT permits a significant reduction in production costs ... reduction in cooling time compared with GAIM â€¢ measures needed to avoid orÂ ...",avoid cooling time and production costs for injection molding,2020-04-23 18:08:29.001648
